File Name,Month with Highest Cumulative PMV
10deg_roof_without_ceiling_0deg_no_roof_paint.csv,4
10deg_roof_without_ceiling_180deg_no_roof_paint.csv,4
10deg_roof_without_ceiling_270deg_no_roof_paint.csv,4
10deg_roof_without_ceiling_90deg_no_roof_paint.csv,4
10deg_roof_with_ceiling_0deg_no_roof_paint.csv,4
10deg_roof_with_ceiling_180deg_no_roof_paint.csv,4
10deg_roof_with_ceiling_270deg_no_roof_paint.csv,4
10deg_roof_with_ceiling_90deg_no_roof_paint.csv,4
15deg_roof_without_ceiling_0deg_no_roof_paint.csv,4
15deg_roof_without_ceiling_180deg_no_roof_paint.csv,4
15deg_roof_without_ceiling_270deg_no_roof_paint.csv,4
15deg_roof_without_ceiling_90deg_no_roof_paint.csv,4
15deg_roof_with_ceiling_0deg_no_roof_paint.csv,4
15deg_roof_with_ceiling_180deg_no_roof_paint.csv,4
15deg_roof_with_ceiling_270deg_no_roof_paint.csv,4
15deg_roof_with_ceiling_90deg_no_roof_paint.csv,4
20deg_roof_without_ceiling_0deg_no_roof_paint.csv,4
20deg_roof_without_ceiling_180deg_no_roof_paint.csv,4
20deg_roof_without_ceiling_270deg_no_roof_paint.csv,4
20deg_roof_without_ceiling_90deg_no_roof_paint.csv,4
20deg_roof_with_ceiling_0deg_no_roof_paint.csv,4
20deg_roof_with_ceiling_180deg_no_roof_paint.csv,4
20deg_roof_with_ceiling_270deg_no_roof_paint.csv,4
20deg_roof_with_ceiling_90deg_no_roof_paint.csv,4
5deg_roof_without_ceiling_0deg_no_roof_paint.csv,4
5deg_roof_without_ceiling_180deg_no_roof_paint.csv,4
5deg_roof_without_ceiling_270deg_no_roof_paint.csv,4
5deg_roof_without_ceiling_90deg_no_roof_paint.csv,4
5deg_roof_with_ceiling_0deg_no_roof_paint.csv,4
5deg_roof_with_ceiling_180deg_no_roof_paint.csv,4
5deg_roof_with_ceiling_270deg_no_roof_paint.csv,4
5deg_roof_with_ceiling_90deg_no_roof_paint.csv,4
flat_roof_without_ceiling_0deg_no_roof_paint.csv,3
flat_roof_without_ceiling_180deg_no_roof_paint.csv,4
flat_roof_without_ceiling_270deg_no_roof_paint.csv,3
flat_roof_without_ceiling_90deg_no_roof_paint.csv,4
flat_roof_with_ceiling_0deg_no_roof_paint.csv,4
flat_roof_with_ceiling_180deg_no_roof_paint.csv,5
flat_roof_with_ceiling_270deg_no_roof_paint.csv,4
flat_roof_with_ceiling_90deg_no_roof_paint.csv,4
